question,image_index,answer_type,ground_truth,prediction,category
"Question: You are a specialized LEGO 3D height analyzer. Your primary task is to compare the heights of LEGO objects based on their positions in 3D space. You will be provided with an image containing 3D LEGO objects. Your answers should be based solely on the provided LEGO 3D data, without any additional assumptions. Keep your responses clear, direct, and focused on the question. Please respond with only the letter corresponding to your choice (A, B, or C).\n\nWhich LEGO object is shorter in 3D space?\n\nHere is the 3D LEGO scene:<image 1>
Options:
  A. The LEGO tree marked with a red rectangle.
  B. The LEGO tree marked with a blue rectangle.
  C. They are the same height.
Answer with only the letter of the correct option (e.g. 'A', 'B', 'C', or 'D').",1,str,A,a,height
"Question: You are a specialized LEGO 3D height analyzer. Your primary task is to compare the heights of LEGO objects based on their positions in 3D space. You will be provided with an image containing 3D LEGO objects. Your answers should be based solely on the provided LEGO 3D data, without any additional assumptions. Keep your responses clear, direct, and focused on the question. Please respond with only the letter corresponding to your choice (A, B, or C).\n\nWhich LEGO object is shorter in 3D space?\n\nHere is the 3D LEGO scene:<image 1>
Options:
  A. The LEGO piece pointed by the red arrow
  B. The LEGO piece pointed by the blue arrow
  C. They are the same height.
Answer with only the letter of the correct option (e.g. 'A', 'B', 'C', or 'D').",2,str,B,a,height
"Question: You are a specialized LEGO 3D height analyzer. Your primary task is to compare the heights of LEGO objects based on their positions in 3D space. You will be provided with an image containing 3D LEGO objects. Your answers should be based solely on the provided LEGO 3D data, without any additional assumptions. Keep your responses clear, direct, and focused on the question. Please respond with only the letter corresponding to your choice (A, B, or C).\n\nWhich LEGO object is shorter in 3D space?\n\nHere is the 3D LEGO scene:<image 1>
Options:
  A. The LEGO lipstick marked with a red rectangle.
  B. The LEGO lipstick marked with a blue rectangle.
  C. They are the same height.
Answer with only the letter of the correct option (e.g. 'A', 'B', 'C', or 'D').",3,str,C,c,height
"Question: You are a specialized LEGO 3D height analyzer. Your primary task is to compare the heights of LEGO objects based on their positions in 3D space. You will be provided with an image containing 3D LEGO objects. Your answers should be based solely on the provided LEGO 3D data, without any additional assumptions. Keep your responses clear, direct, and focused on the question. Please respond with only the letter corresponding to your choice (A, B, or C).\n\nWhich LEGO object is higher in 3D space?\n\nHere is the 3D LEGO scene:<image 1>
Options:
  A. The LEGO piece pointed by the blue arrow
  B. The LEGO piece pointed by the red arrow
  C. They are the same height.
Answer with only the letter of the correct option (e.g. 'A', 'B', 'C', or 'D').",4,str,A,a,height
"Question: You are a specialized LEGO 3D height analyzer. Your primary task is to compare the heights of LEGO objects based on their positions in 3D space. You will be provided with an image containing 3D LEGO objects. Your answers should be based solely on the provided LEGO 3D data, without any additional assumptions. Keep your responses clear, direct, and focused on the question. Please respond with only the letter corresponding to your choice (A, B, or C).\n\nWhich LEGO object is higher in 3D space?\n\nHere is the 3D LEGO scene:<image 1>
Options:
  A. The LEGO tire marked witth a red rectangle.
  B. The LEGO tire marked witth a blue rectangle.
  C. They are the same height.
Answer with only the letter of the correct option (e.g. 'A', 'B', 'C', or 'D').",5,str,C,b,height
"Question: You are a specialized LEGO 3D height analyzer. Your primary task is to compare the heights of LEGO objects based on their positions in 3D space. You will be provided with an image containing 3D LEGO objects. Your answers should be based solely on the provided LEGO 3D data, without any additional assumptions. Keep your responses clear, direct, and focused on the question. Please respond with only the letter corresponding to your choice (A, B, or C).\n\nWhich LEGO object is higher in 3D space?\n\nHere is the 3D LEGO scene:<image 1>
Options:
  A. The LEGO piece pointed by the blue arrow
  B. The LEGO piece pointed by the red arrow
  C. They are the same height.
Answer with only the letter of the correct option (e.g. 'A', 'B', 'C', or 'D').",6,str,B,a,height
"Question: You are a specialized LEGO 3D height analyzer. Your primary task is to compare the heights of LEGO objects based on their positions in 3D space. You will be provided with an image containing 3D LEGO objects. Your answers should be based solely on the provided LEGO 3D data, without any additional assumptions. Keep your responses clear, direct, and focused on the question. Please respond with only the letter corresponding to your choice (A, B, or C).\n\nWhich LEGO object is shorter in 3D space?\n\nHere is the 3D LEGO scene:<image 1>
Options:
  A. The LEGO piece marked with a red rectangle.
  B. The LEGO piece marked with a blue rectangle.
  C. They are the same height.
Answer with only the letter of the correct option (e.g. 'A', 'B', 'C', or 'D').",7,str,C,a,height
"Question: You are a specialized LEGO 3D height analyzer. Your primary task is to compare the heights of LEGO objects based on their positions in 3D space. You will be provided with an image containing 3D LEGO objects. Your answers should be based solely on the provided LEGO 3D data, without any additional assumptions. Keep your responses clear, direct, and focused on the question. Please respond with only the letter corresponding to your choice (A, B, or C).\n\nWhich LEGO object is shorter in 3D space?\n\nHere is the 3D LEGO scene:<image 1>
Options:
  A. The LEGO piece marked with a red rectangle.
  B. The LEGO piece marked with a blue rectangle.
  C. They are the same height.
Answer with only the letter of the correct option (e.g. 'A', 'B', 'C', or 'D').",8,str,B,b,height
"Question: You are a specialized LEGO 3D height analyzer. Your primary task is to compare the heights of LEGO objects based on their positions in 3D space. You will be provided with an image containing 3D LEGO objects. Your answers should be based solely on the provided LEGO 3D data, without any additional assumptions. Keep your responses clear, direct, and focused on the question. Please respond with only the letter corresponding to your choice (A, B, or C).\n\nWhich LEGO object is shorter in 3D space?\n\nHere is the 3D LEGO scene:<image 1>
Options:
  A. The LEGO piece pointed by the blue arrow
  B. The LEGO piece pointed by the red arrow
  C. They are the same height.
Answer with only the letter of the correct option (e.g. 'A', 'B', 'C', or 'D').",9,str,B,b,height
"Question: You are a specialized LEGO 3D height analyzer. Your primary task is to compare the heights of LEGO objects based on their positions in 3D space. You will be provided with an image containing 3D LEGO objects. Your answers should be based solely on the provided LEGO 3D data, without any additional assumptions. Keep your responses clear, direct, and focused on the question. Please respond with only the letter corresponding to your choice (A, B, or C).\n\nWhich LEGO object is higher in 3D space?\n\nHere is the 3D LEGO scene:<image 1>
Options:
  A. The LEGO piece pointed by the blue arrow
  B. The LEGO piece pointed by the red arrow
  C. They are the same height.
Answer with only the letter of the correct option (e.g. 'A', 'B', 'C', or 'D').",10,str,A,b,height
